step,type,amount,nameOrig,oldbalanceOrg,newbalanceOrig,nameDest,oldbalanceDest,newbalanceDest,isFraud,isFlaggedFraud,hour,day,balanceOrigDiff,balanceDestDiff,amount_to_balance_ratio,high_value_transaction,zero_balance_sender,zero_balance_receiver
400,TRANSFER,1355885.08,C67831724,11398.0,0.0,C2103803532,259752.71,1615637.79,0,0,16,17,11398.0,1355885.08,118.94772172997632,1,0,0
136,CASH_OUT,9677.08,C1418026421,5169.0,0.0,C669995070,0.0,9677.08,0,0,16,6,5169.0,9677.08,1.8717756286266924,0,0,1
354,CASH_IN,107735.09,C1044582166,49783.0,157518.09,C502411323,1010420.41,902685.32,0,0,18,15,-107735.09,-107735.09,2.164050498152017,0,0,0
236,PAYMENT,13095.33,C1583574540,20141.0,7045.67,M1711994771,0.0,0.0,0,0,20,10,13095.33,0.0,0.6501504319332737,0,0,1
329,CASH_OUT,106739.61,C109942540,143144.0,36404.39,C907345039,6205474.27,6312213.88,0,0,17,14,106739.61,106739.61000000034,0.7456747354081525,0,0,0
95,TRANSFER,465916.59,C62652218,0.0,0.0,C569324535,1648198.58,2114115.17,0,0,23,4,0.0,465916.5899999999,465916.59,0,1,0
258,PAYMENT,34022.41,C763240244,234.0,0.0,M504212376,0.0,0.0,0,0,18,11,234.0,0.0,144.77621276595747,0,0,1
187,CASH_IN,224778.59,C1728287252,0.0,224778.59,C248937559,945855.11,721076.52,0,0,19,8,-224778.59,-224778.589999999,224778.59,0,1,0
408,PAYMENT,4711.75,C923930770,4378.0,0.0,M1983484256,0.0,0.0,0,0,0,18,4378.0,0.0,1.075987668417447,0,0,1
189,CASH_IN,357883.55,C1220667359,4734194.65,5092078.19,C2368702,6866398.19,6578369.64,0,0,21,8,-357883.54,-288028.55,0.0755954287609554,0,0,0
260,CASH_IN,68918.81,C868036352,190934.0,259852.81,C195968522,0.0,0.0,0,0,20,11,-68918.81,0.0,0.3609543038206719,0,0,1
301,CASH_IN,182453.14,C1427685038,802331.01,984784.15,C1982804574,212129.91,29676.77,0,0,13,13,-182453.14,-182453.14,0.227403540835919,0,0,0
397,TRANSFER,331352.27,C614781849,9011.0,0.0,C318524812,0.0,331352.27,0,0,13,17,9011.0,331352.27,36.767895028850425,0,0,1
323,CASH_OUT,32890.61,C1587263144,149613.0,116722.39,C989124665,0.0,32890.61,0,0,11,14,32890.61,32890.61,0.2198364457871589,0,0,1
350,CASH_OUT,329950.29,C2145582072,0.0,0.0,C1673569526,1920580.29,2250530.58,0,0,14,15,0.0,329950.29000000004,329950.29,0,1,0
309,PAYMENT,9061.6,C60510579,9137.78,76.17,M1291547135,0.0,0.0,0,0,21,13,9061.61,0.0,0.9915546714112824,0,0,1
234,CASH_IN,285208.53,C1148001316,208733.0,493941.53,C494929825,0.0,0.0,0,0,18,10,-285208.53,0.0,1.3663731351864097,0,0,1
136,PAYMENT,8415.1,C1727678925,20555.0,12139.9,M590955338,0.0,0.0,0,0,16,6,8415.1,0.0,0.4093743919050399,0,0,1
283,CASH_IN,1437.6,C1375755429,2609068.81,2610506.41,C1279863944,787887.41,786449.81,0,0,19,12,-1437.60000000009,-1437.59999999997,0.0005510009714918,0,0,0
184,CASH_OUT,7913.47,C1261384068,983.0,0.0,C884228345,1827771.63,1835685.1,0,0,16,8,983.0,7913.470000000205,8.04214430894309,0,0,0
284,CASH_OUT,99650.53,C153475291,11612.0,0.0,C393230449,0.0,99650.53,0,0,20,12,11612.0,99650.53,8.580946353224833,0,0,1
382,PAYMENT,6355.61,C1469582415,0.0,0.0,M535716726,0.0,0.0,0,0,22,16,0.0,0.0,6355.61,0,1,1
259,TRANSFER,420451.67,C1161694334,675560.0,255108.33,C1502465458,0.0,420451.67,0,0,19,11,420451.67,420451.67,0.6223741009324102,0,0,1
307,CASH_OUT,190166.95,C1954644585,38757.42,0.0,C1615795666,1415200.03,1605366.98,0,0,19,13,38757.42,190166.94999999995,4.906468065519699,0,0,0
394,PAYMENT,8977.4,C1474708538,83988.35,75010.94,M1780062157,0.0,0.0,0,0,10,17,8977.410000000003,0.0,0.1068873613142618,0,0,1
40,CASH_OUT,190321.03,C943518682,12012.0,0.0,C773919571,149471.68,339792.7,0,0,16,2,12012.0,190321.02,15.84292266711063,0,0,0
158,TRANSFER,725488.67,C2027341327,0.0,0.0,C1443668618,1495301.37,2220790.04,0,0,14,7,0.0,725488.6699999999,725488.67,1,1,0
192,PAYMENT,7482.85,C1691575791,11139.0,3656.15,M2095481018,0.0,0.0,0,0,0,9,7482.85,0.0,0.6717100538599641,0,0,1
301,PAYMENT,5155.97,C841388083,0.0,0.0,M813560570,0.0,0.0,0,0,13,13,0.0,0.0,5155.97,0,1,1
133,CASH_OUT,233584.53,C84574766,0.0,0.0,C1248852125,1820738.7,2397628.56,0,0,13,6,0.0,576889.8600000001,233584.53,0,1,0
20,CASH_IN,175159.3,C647655720,7143773.76,7318933.06,C1976548930,479040.93,370011.13,0,0,20,1,-175159.299999999,-109029.799999999,0.024519152112797,0,0,0
551,CASH_OUT,282783.74,C1998820453,0.0,0.0,C1066790947,5767635.64,6050419.38,0,0,23,23,0.0,282783.7400000002,282783.74,0,1,0
355,CASH_OUT,82249.16,C586441114,0.0,0.0,C995745569,116934.93,199184.09,0,0,19,15,0.0,82249.16,82249.16,0,1,0
372,CASH_IN,81077.93,C670442302,3170679.18,3251757.11,C1353579475,794230.09,713152.16,0,0,12,16,-81077.9299999997,-81077.9299999999,0.0255711473239789,0,0,0
187,CASH_OUT,239650.41,C1406654685,39888.0,0.0,C253983550,0.0,239650.41,0,0,19,8,39888.0,239650.41,6.007932262027126,0,0,1
206,CASH_OUT,66078.63,C745833453,0.0,0.0,C1091756447,6131235.53,6197314.16,0,0,14,9,0.0,66078.62999999989,66078.63,0,1,0
350,PAYMENT,4410.6,C1218039913,12852.82,8442.22,M1038774661,0.0,0.0,0,0,14,15,4410.6,0.0,0.3431353480910734,0,0,1
139,CASH_OUT,484088.41,C1705796084,0.0,0.0,C287933084,835006.73,1319095.14,0,0,19,6,0.0,484088.4099999999,484088.41,0,1,0
20,PAYMENT,16186.92,C578890138,200334.06,184147.14,M1610564607,0.0,0.0,0,0,20,1,16186.919999999984,0.0,0.0807992370381899,0,0,1
210,PAYMENT,7942.37,C1338799577,0.0,0.0,M558055305,0.0,0.0,0,0,18,9,0.0,0.0,7942.37,0,1,1
309,CASH_OUT,209384.83,C212028865,0.0,0.0,C1988756610,458632.51,668017.34,0,0,21,13,0.0,209384.83,209384.83,0,1,0
377,PAYMENT,6324.7,C1642288660,790.0,0.0,M852118933,0.0,0.0,0,0,17,16,790.0,0.0,7.99582806573957,0,0,1
345,CASH_IN,50745.94,C1551132779,18695129.9,18745875.84,C395140257,138068.29,87322.35,0,0,9,15,-50745.9400000013,-50745.94,0.0027143934038996,0,0,0
235,TRANSFER,3699158.4,C855472588,0.0,0.0,C291375070,4376063.51,8075221.92,0,0,19,10,0.0,3699158.41,3699158.4,1,1,0
544,CASH_IN,266260.92,C345950385,53427.0,319687.92,C1992684916,1151236.87,884975.95,0,0,16,23,-266260.92,-266260.92,4.983546455042299,0,0,0
306,CASH_OUT,203731.54,C1321705484,619150.0,415418.46,C2037325904,681759.25,885490.79,0,0,18,13,203731.54,203731.54000000004,0.3290498440606573,0,0,0
23,CASH_OUT,366153.84,C823155785,0.0,0.0,C677267519,1782480.24,2148634.08,0,0,23,1,0.0,366153.8400000001,366153.84,0,1,0
188,PAYMENT,13216.1,C1042260814,84149.49,70933.39,M369217210,0.0,0.0,0,0,20,8,13216.100000000006,0.0,0.1570531556025401,0,0,1
154,PAYMENT,21395.8,C191926541,11594.0,0.0,M2073792993,0.0,0.0,0,0,10,7,11594.0,0.0,1.8452608883139283,0,0,1
405,CASH_IN,119435.65,C140807886,24429731.47,24549167.12,C1247336956,225114.22,105678.57,0,0,21,17,-119435.650000002,-119435.65,0.0048889462930741,0,0,0
350,PAYMENT,2677.07,C1584676351,0.0,0.0,M1358309011,0.0,0.0,0,0,14,15,0.0,0.0,2677.07,0,1,1
19,CASH_OUT,198820.11,C1506203152,61416.0,0.0,C1961860871,163064.85,361884.96,0,0,19,1,61416.0,198820.11,3.237216243059739,0,0,0
378,CASH_IN,170025.81,C1619203458,132902.0,302927.81,C741178222,1313047.17,1143021.36,0,0,18,16,-170025.81,-170025.809999999,1.2793225886548836,0,0,0
227,CASH_IN,38514.29,C1496987345,2075842.47,2114356.76,C1558221298,1870969.6,1832455.31,0,0,11,10,-38514.2899999998,-38514.29,0.018553561748083,0,0,0
237,CASH_IN,177984.95,C1424972867,9151531.2,9329516.15,C363378516,1914923.25,1736938.31,0,0,21,10,-177984.950000001,-177984.939999999,0.0194486503582427,0,0,0
503,TRANSFER,384195.51,C1243889066,0.0,0.0,C1573643336,448051.74,832247.25,0,0,23,21,0.0,384195.51,384195.51,0,1,0
256,PAYMENT,22100.73,C1949346730,0.0,0.0,M738321486,0.0,0.0,0,0,16,11,0.0,0.0,22100.73,0,1,1
43,PAYMENT,4852.67,C440294680,0.0,0.0,M1174244738,0.0,0.0,0,0,19,2,0.0,0.0,4852.67,0,1,1
231,PAYMENT,740.64,C1602940847,0.0,0.0,M1875282419,0.0,0.0,0,0,15,10,0.0,0.0,740.64,0,1,1
44,CASH_OUT,132329.16,C44093598,115759.0,0.0,C835193783,3652384.73,4572517.94,0,0,20,2,115759.0,920133.2100000004,1.1431337249481686,0,0,0
304,PAYMENT,9841.94,C954062667,21018.0,11176.06,M594799861,0.0,0.0,0,0,16,13,9841.94,0.0,0.4682401636614492,0,0,1
137,CASH_IN,70793.22,C258009464,329898.14,400691.37,C1702991002,314343.35,243550.12,0,0,17,6,-70793.2299999999,-70793.2299999999,0.2145904957497009,0,0,0
278,CASH_OUT,104037.78,C2135354366,236663.0,132625.22,C1676449311,11049832.28,11153870.06,0,0,14,12,104037.78,104037.7800000012,0.4396012067741608,0,0,0
135,TRANSFER,1171324.53,C270591688,11066.0,0.0,C222449497,560091.06,1731415.6,0,0,15,6,11066.0,1171324.54,105.8393900786121,1,0,0
9,CASH_OUT,13378.32,C253712553,0.0,0.0,C1769562038,273921.93,468479.14,0,0,9,1,0.0,194557.21,13378.32,0,1,0
135,PAYMENT,31349.4,C585222365,15146.0,0.0,M2101147002,0.0,0.0,0,0,15,6,15146.0,0.0,2.069677163794811,0,0,1
301,PAYMENT,20035.23,C791317512,31692.0,11656.77,M1030216019,0.0,0.0,0,0,13,13,20035.23,0.0,0.6321657779320354,0,0,1
157,CASH_OUT,111305.59,C2067426362,11396.0,0.0,C748241559,1479110.86,1590416.44,0,0,13,7,11396.0,111305.57999999984,9.766218303062209,0,0,0
276,PAYMENT,12849.89,C1644803522,0.0,0.0,M1219573692,0.0,0.0,0,0,12,12,0.0,0.0,12849.89,0,1,1
9,CASH_OUT,110143.6,C800804584,153160.0,43016.4,C1771998015,51716.0,161859.6,0,0,9,1,110143.6,110143.6,0.7191360724988738,0,0,0
23,PAYMENT,11588.46,C1558134468,658.0,0.0,M1348429083,0.0,0.0,0,0,23,1,658.0,0.0,17.584916540212443,0,0,1
208,CASH_OUT,33837.85,C501658122,222953.0,189115.15,C472218115,0.0,33837.85,0,0,16,9,33837.850000000006,33837.85,0.1517705445966432,0,0,1
395,CASH_IN,97232.36,C841574006,9743029.37,9840261.73,C81561383,1779363.21,1682130.85,0,0,11,17,-97232.3600000012,-97232.3599999998,0.0099796835591717,0,0,0
356,PAYMENT,3554.07,C2085729218,33837.0,30282.93,M144235122,0.0,0.0,0,0,20,15,3554.07,0.0,0.1050319167799515,0,0,1
11,PAYMENT,28130.56,C1242246137,10614.0,0.0,M1988970133,0.0,0.0,0,0,11,1,10614.0,0.0,2.6500763071125766,0,0,1
334,PAYMENT,12978.28,C140033502,304108.0,291129.72,M1056822236,0.0,0.0,0,0,22,14,12978.280000000028,0.0,0.0426764087876386,0,0,1
15,CASH_IN,321470.55,C1788857361,2809252.52,3130723.07,C1001352664,390965.81,73801.24,0,0,15,1,-321470.549999999,-317164.57,0.1144327301581524,0,0,0
20,CASH_OUT,117901.71,C2020891667,0.0,0.0,C1111057959,1064133.38,1182035.08,0,0,20,1,0.0,117901.7000000002,117901.71,0,1,0
161,PAYMENT,19710.19,C975051925,0.0,0.0,M1196731284,0.0,0.0,0,0,17,7,0.0,0.0,19710.19,0,1,1
574,PAYMENT,32517.47,C575381421,0.0,0.0,M165090223,0.0,0.0,0,0,22,24,0.0,0.0,32517.47,0,1,1
134,CASH_IN,106175.7,C649155433,3096512.05,3202687.75,C951492062,376471.8,270296.1,0,0,14,6,-106175.7,-106175.7,0.0342887946168998,0,0,0
380,PAYMENT,11029.49,C1866605954,10622.0,0.0,M197919369,0.0,0.0,0,0,20,16,10622.0,0.0,1.0382650851925068,0,0,1
15,PAYMENT,4064.42,C1446699923,7470.31,3405.89,M736949789,0.0,0.0,0,0,15,1,4064.420000000001,0.0,0.5440036620084028,0,0,1
307,PAYMENT,9859.24,C50611335,0.0,0.0,M2014229183,0.0,0.0,0,0,19,13,0.0,0.0,9859.24,0,1,1
177,PAYMENT,5623.95,C1905569353,20647.0,15023.05,M1562300333,0.0,0.0,0,0,9,8,5623.950000000001,0.0,0.2723726268888027,0,0,1
493,PAYMENT,18205.97,C1170583223,315995.0,297789.03,M1030687060,0.0,0.0,0,0,13,21,18205.96999999997,0.0,0.0576145584121318,0,0,1
19,CASH_IN,251026.32,C1343429133,10434658.42,10685684.73,C1041115645,5398677.28,5147650.97,0,0,19,1,-251026.31,-251026.31,0.0240569730065995,0,0,0
307,PAYMENT,8918.52,C1794647957,0.0,0.0,M1947567989,0.0,0.0,0,0,19,13,0.0,0.0,8918.52,0,1,1
404,CASH_OUT,115113.59,C1160086433,205912.0,90798.41,C729210404,0.0,115113.59,0,0,20,17,115113.59,115113.59,0.5590399343412024,0,0,1
234,CASH_OUT,11738.61,C412891663,0.0,0.0,C410674128,124494.51,136233.12,0,0,18,10,0.0,11738.61,11738.61,0,1,0
324,PAYMENT,4947.97,C1089651947,101800.0,96852.03,M1966412999,0.0,0.0,0,0,12,14,4947.970000000001,0.0,0.0486043359102562,0,0,1
210,CASH_OUT,230339.41,C109262835,675.0,0.0,C2001849845,2392249.5,2622588.91,0,0,18,9,675.0,230339.41000000012,340.7387721893491,0,0,0
375,CASH_IN,87311.93,C1551412066,36744.0,124055.93,C2128305815,6712876.06,6625564.14,0,0,15,16,-87311.93,-87311.9199999999,2.3761581167505783,0,0,0
204,CASH_IN,24234.61,C2108469159,31023.0,55257.61,C380383872,1509176.25,1484941.64,0,0,12,9,-24234.61,-24234.6100000001,0.7811568463125322,0,0,0
204,CASH_OUT,409945.55,C23665953,11601.0,0.0,C1924210796,7779822.66,8189768.2,0,0,12,9,11601.0,409945.54,35.33404154456128,0,0,0
303,CASH_OUT,103826.09,C121826244,21180.0,0.0,C472210284,0.0,103826.09,0,0,15,13,21180.0,103826.09,4.901850243142439,0,0,1
42,PAYMENT,5530.19,C2011731577,0.0,0.0,M1305992102,0.0,0.0,0,0,18,2,0.0,0.0,5530.19,0,1,1
382,TRANSFER,2337525.46,C1569534227,0.0,0.0,C1709882819,2556054.57,4893580.04,0,0,22,16,0.0,2337525.47,2337525.46,1,1,0
13,CASH_OUT,72666.39,C1806641600,52608.0,0.0,C1281019843,8543.41,81209.81,0,0,13,1,52608.0,72666.4,1.3812539679522515,0,0,0
39,CASH_OUT,102868.45,C401064941,110566.0,7697.55,C1779548635,19489.53,122357.97,0,0,15,2,102868.45,102868.44,0.930372082085975,0,0,0
14,CASH_OUT,95240.5,C1443256057,0.0,0.0,C1360092022,749185.09,494061.34,0,0,14,1,0.0,-255123.749999999,95240.5,0,1,0
230,TRANSFER,198918.96,C70868400,0.0,0.0,C1063323472,2777713.97,2976632.93,0,0,14,10,0.0,198918.96,198918.96,0,1,0
384,PAYMENT,1093.34,C1998630631,20032.0,18938.66,M333471072,0.0,0.0,0,0,0,17,1093.34,0.0,0.054576948035741,0,0,1
19,CASH_OUT,249103.2,C431872226,32619.82,0.0,C1566176438,431621.37,680724.57,0,0,19,1,32619.82,249103.19999999995,7.636325512356833,0,0,0
402,CASH_IN,125255.75,C1543694088,21627.0,146882.75,C1645412465,120647.69,0.0,0,0,18,17,-125255.75,-120647.69,5.79136998335491,0,0,0
95,CASH_OUT,247843.7,C1604877467,0.0,0.0,C111261342,529986.86,777830.56,0,0,23,4,0.0,247843.70000000007,247843.7,0,1,0
281,CASH_OUT,162427.22,C113868600,0.0,0.0,C975905223,434952.34,597379.56,0,0,17,12,0.0,162427.22000000003,162427.22,0,1,0
254,PAYMENT,3121.02,C1247631485,0.0,0.0,M868416196,0.0,0.0,0,0,14,11,0.0,0.0,3121.02,0,1,1
158,CASH_OUT,96954.21,C2132624562,11153.0,0.0,C1944619024,0.0,96954.21,0,0,14,7,11153.0,96954.21,8.692326519634213,0,0,1
12,CASH_OUT,40620.07,C1930682924,0.0,0.0,C1066166621,1107927.57,1148547.64,0,0,12,1,0.0,40620.06999999983,40620.07,0,1,0
332,CASH_OUT,400669.94,C265998108,0.0,0.0,C2010639584,424450.27,825120.21,0,0,20,14,0.0,400669.94,400669.94,0,1,0
283,PAYMENT,4226.73,C616343666,153.0,0.0,M1061010400,0.0,0.0,0,0,19,12,153.0,0.0,27.446298701298694,0,0,1
215,PAYMENT,67093.29,C1276201892,0.0,0.0,M1580644267,0.0,0.0,0,0,23,9,0.0,0.0,67093.29,0,1,1
394,CASH_IN,263972.48,C494200978,12537979.64,12801952.12,C98353354,628484.98,364512.51,0,0,10,17,-263972.479999998,-263972.47,0.021053827372954,0,0,0
201,PAYMENT,1745.24,C42181703,0.0,0.0,M953705390,0.0,0.0,0,0,9,9,0.0,0.0,1745.24,0,1,1
41,CASH_IN,185475.6,C630021461,8877315.63,9062791.23,C789558739,1429757.51,1244281.91,0,0,17,2,-185475.599999999,-185475.6,0.020893205428001,0,0,0
303,CASH_OUT,231124.57,C401394125,0.0,0.0,C1159306483,311432.85,542557.42,0,0,15,13,0.0,231124.5700000001,231124.57,0,1,0
691,CASH_IN,243864.2,C584496083,11371.0,255235.2,C977520525,0.0,0.0,0,0,19,29,-243864.2,0.0,21.44426661976785,0,0,1
137,PAYMENT,24723.2,C1250436009,270707.98,245984.78,M1619344280,0.0,0.0,0,0,17,6,24723.199999999983,0.0,0.091327594673808,0,0,1
17,CASH_OUT,233605.55,C1523514222,741.0,0.0,C515630629,1873923.02,2107528.57,0,0,17,1,741.0,233605.5499999998,314.8322776280324,0,0,0
262,CASH_OUT,176534.82,C1801993702,0.0,0.0,C673381066,3964719.39,4141254.22,0,0,22,11,0.0,176534.83000000007,176534.82,0,1,0
186,CASH_IN,24358.04,C645185722,8034271.09,8058629.13,C1129215363,119926.25,95568.21,0,0,18,8,-24358.04,-24358.0399999999,0.0030317668765932,0,0,0
397,PAYMENT,32847.56,C1141804558,470485.75,437638.19,M1389714803,0.0,0.0,0,0,13,17,32847.56,0.0,0.0698161212829054,0,0,1
228,CASH_OUT,162939.84,C1008166489,31461.0,0.0,C1797331403,0.0,162939.84,0,0,12,10,31461.0,162939.84,5.178940944631619,0,0,1
253,CASH_IN,211548.58,C621366861,12954279.04,13165827.62,C1451850482,807929.07,596380.49,0,0,13,11,-211548.58,-211548.579999999,0.0163304004040968,0,0,0
304,CASH_OUT,147566.86,C990854394,340547.0,192980.14,C1200190633,193672.43,341239.3,0,0,16,13,147566.86,147566.87,0.4333217637454925,0,0,0
400,CASH_OUT,191897.89,C344887607,656952.56,465054.67,C1814247678,2068084.04,2259981.93,0,0,16,17,191897.89000000007,191897.89000000013,0.292102671610456,0,0,0
33,CASH_OUT,44606.13,C545869642,14989.0,0.0,C74288440,2088527.4,2133133.53,0,0,9,2,14989.0,44606.12999999989,2.9757258172114742,0,0,0
525,TRANSFER,216987.93,C33578297,394.0,0.0,C117289322,57622.09,274610.01,0,0,21,22,394.0,216987.92,549.3365316455696,0,0,0
42,CASH_IN,123988.15,C892194607,7559556.31,7683544.46,C131174744,1543894.36,1419906.21,0,0,18,2,-123988.15,-123988.15,0.0164015093629867,0,0,0
377,CASH_OUT,175607.55,C387801667,936.0,0.0,C2024070271,734957.27,910564.82,0,0,17,16,936.0,175607.54999999993,187.41467449306296,0,0,0
9,CASH_OUT,30578.53,C1580398515,0.0,0.0,C1268928006,41610.0,0.0,0,0,9,1,0.0,-41610.0,30578.53,0,1,0
34,TRANSFER,16108.63,C400123034,21561.0,5452.37,C1890887357,0.0,16108.63,0,0,10,2,16108.63,16108.63,0.7470842222428346,0,0,1
335,CASH_OUT,599182.76,C1385106059,0.0,0.0,C669963492,3878478.95,4477661.71,0,0,23,14,0.0,599182.7599999998,599182.76,1,1,0
274,TRANSFER,227795.76,C2121736488,14518.12,0.0,C1941798570,11386649.82,11614445.58,0,0,10,12,14518.12,227795.75999999975,15.689364093691628,0,0,0
369,CASH_IN,137758.18,C1143319326,993767.02,1131525.2,C1690808262,11543209.0,11405450.81,0,0,9,16,-137758.179999999,-137758.189999999,0.1386220699675966,0,0,0
348,TRANSFER,2331.32,C432436599,103871.0,101539.68,C2048895117,224584.12,226915.43,0,0,12,15,2331.320000000007,2331.3099999999977,0.0224441620455945,0,0,0
374,PAYMENT,8041.89,C1730591427,66717.2,58675.32,M233529216,0.0,0.0,0,0,14,16,8041.879999999997,0.0,0.1205351763087133,0,0,1
374,CASH_OUT,194178.23,C1560826226,0.0,0.0,C1298282574,1670784.78,1864963.01,0,0,14,16,0.0,194178.23,194178.23,0,1,0
305,PAYMENT,4643.02,C1227243070,0.0,0.0,M896689758,0.0,0.0,0,0,17,13,0.0,0.0,4643.02,0,1,1
134,PAYMENT,15635.02,C1307972131,0.0,0.0,M165976980,0.0,0.0,0,0,14,6,0.0,0.0,15635.02,0,1,1
233,TRANSFER,277179.36,C1362803264,0.0,0.0,C561909863,574926.94,852106.29,0,0,17,10,0.0,277179.3500000001,277179.36,0,1,0
122,PAYMENT,3045.4,C1427735595,69905.0,66859.6,M329330577,0.0,0.0,0,0,2,6,3045.399999999994,0.0,0.0435642148027351,0,0,1
226,CASH_OUT,28474.78,C1275530412,0.0,0.0,C366181211,548745.02,577219.79,0,0,10,10,0.0,28474.77000000002,28474.78,0,1,0
352,CASH_OUT,337572.54,C1703387423,20133.0,0.0,C1060455987,0.0,337572.54,0,0,16,15,20133.0,337572.54,16.766292837985496,0,0,1
228,CASH_OUT,117094.5,C1140940613,0.0,0.0,C371558806,12016714.9,12133809.4,0,0,12,10,0.0,117094.5,117094.5,0,1,0
204,CASH_IN,96710.14,C2037530298,0.0,96710.14,C416166644,377240.97,280530.83,0,0,12,9,-96710.14,-96710.1399999999,96710.14,0,1,0
251,PAYMENT,15449.32,C1071954455,0.0,0.0,M1517006927,0.0,0.0,0,0,11,11,0.0,0.0,15449.32,0,1,1
379,CASH_OUT,420767.34,C1928503836,0.0,0.0,C91333546,1218351.82,1639119.16,0,0,19,16,0.0,420767.3399999999,420767.34,0,1,0
229,PAYMENT,6118.07,C619953564,24780.0,18661.93,M1614654108,0.0,0.0,0,0,13,10,6118.07,0.0,0.2468855171300593,0,0,1
43,CASH_OUT,200605.12,C1143409091,250844.0,50238.88,C1466129199,855924.9,1056530.02,0,0,19,2,200605.12,200605.12,0.7997174350694652,0,0,0
327,CASH_OUT,131096.65,C990624927,43156.0,0.0,C1983118482,90189.94,221286.59,0,0,15,14,43156.0,131096.65,3.0376682809277757,0,0,0
397,TRANSFER,1220661.71,C438595643,1082.0,0.0,C1549131950,316327.41,1393320.49,0,0,13,17,1082.0,1076993.08,1127.1114589104338,1,0,0
351,PAYMENT,19813.39,C978694619,262837.0,243023.62,M1319020487,0.0,0.0,0,0,15,15,19813.380000000005,0.0,0.0753825169876501,0,0,1
380,TRANSFER,762741.91,C976063633,18778.87,0.0,C789700937,2253778.98,3016520.89,0,0,20,16,18778.87,762741.9100000001,40.61486634359024,1,0,0
334,PAYMENT,17967.04,C1296250282,32309.0,14341.96,M6137890,0.0,0.0,0,0,22,14,17967.04,0.0,0.5560829464562055,0,0,1
34,TRANSFER,48450.11,C2009678582,0.0,0.0,C354167047,79146.57,127596.68,0,0,10,2,0.0,48450.10999999999,48450.11,0,1,0
183,CASH_OUT,615781.38,C1645487871,69334.0,0.0,C383786734,180505.15,796286.52,0,0,15,8,69334.0,615781.37,8.881248719982693,1,0,0
212,CASH_OUT,184883.95,C360066793,27433.95,0.0,C1134605489,1181268.8,1366152.75,0,0,20,9,27433.95,184883.94999999995,6.738993510102989,0,0,0
214,CASH_OUT,224674.55,C2032299104,19948.0,0.0,C1961119559,1344177.34,1568851.89,0,0,22,9,19948.0,224674.5499999998,11.26244673918492,0,0,0
305,CASH_OUT,98251.88,C80515542,10063.0,0.0,C1410965145,7857.82,106109.71,0,0,17,13,10063.0,98251.89,9.762706677265502,0,0,0
323,CASH_OUT,86620.47,C376762902,0.0,0.0,C1269227303,320543.03,407163.5,0,0,11,14,0.0,86620.46999999997,86620.47,0,1,0
181,CASH_IN,418487.04,C318737553,4150186.16,4568673.19,C1038703599,1033510.83,615023.79,0,0,13,8,-418487.03,-418487.039999999,0.1008357030336916,0,0,0
324,PAYMENT,18983.31,C1282885079,20812.0,1828.69,M1866862198,0.0,0.0,0,0,12,14,18983.31,0.0,0.9120890789410464,0,0,1
471,CASH_IN,286130.6,C594135687,7778.0,293908.6,C381660416,1118662.96,832532.36,0,0,15,20,-286130.6,-286130.6,36.78243990230106,0,0,0
11,CASH_OUT,64082.91,C1833718294,0.0,0.0,C456305354,274905.4,338988.32,0,0,11,1,0.0,64082.919999999984,64082.91,0,1,0
9,PAYMENT,3299.66,C1023683152,20052.0,16752.34,M1672495317,0.0,0.0,0,0,9,1,3299.66,0.0,0.1645469505809604,0,0,1
43,PAYMENT,8966.5,C693256941,0.0,0.0,M647587379,0.0,0.0,0,0,19,2,0.0,0.0,8966.5,0,1,1
25,PAYMENT,1205.76,C1885450442,79042.0,77836.24,M1487533065,0.0,0.0,0,0,1,2,1205.7599999999948,0.0,0.0152544817377882,0,0,1
38,CASH_OUT,350661.08,C1595775702,107142.0,0.0,C890033530,666458.47,1017119.55,0,0,14,2,107142.0,350661.0800000001,3.272832382890156,0,0,0
129,PAYMENT,10415.05,C529221652,0.0,0.0,M1168792312,0.0,0.0,0,0,9,6,0.0,0.0,10415.05,0,1,1
382,CASH_IN,274177.62,C323643186,1959609.35,2233786.97,C1649787185,1811928.05,1537750.43,0,0,22,16,-274177.62,-274177.62,0.1399143559330557,0,0,0
43,CASH_OUT,295042.42,C897656873,101791.0,0.0,C2110372509,46702.57,341745.0,0,0,19,2,101791.0,295042.43,2.898483377868595,0,0,0
522,CASH_IN,292540.4,C1491067763,2394845.46,2687385.85,C219548740,4608953.42,4316413.03,0,0,18,22,-292540.39,-292540.389999999,0.1221541359273613,0,0,0
206,PAYMENT,2454.41,C731409512,15760.72,13306.31,M646608911,0.0,0.0,0,0,14,9,2454.41,0.0,0.1557196803394553,0,0,1
15,CASH_IN,286093.57,C177548764,98017.0,384110.57,C1238748504,0.0,0.0,0,0,15,1,-286093.57,0.0,2.9187860392989045,0,0,1
358,CASH_OUT,90205.93,C1625269158,0.0,0.0,C389005285,117075.5,207281.43,0,0,22,15,0.0,90205.93,90205.93,0,1,0
279,CASH_OUT,158561.4,C1220272038,0.0,0.0,C479489379,8313517.13,8472078.53,0,0,15,12,0.0,158561.39999999944,158561.4,0,1,0
213,PAYMENT,13628.56,C941734311,61570.0,47941.44,M1395840545,0.0,0.0,0,0,21,9,13628.559999999998,0.0,0.2213470627405759,0,0,1
321,CASH_IN,14668.4,C1794734871,10729001.22,10743669.61,C1682493769,3852187.68,3837519.28,0,0,9,14,-14668.3899999987,-14668.4000000003,0.0013671727994106,0,0,0
256,TRANSFER,539245.71,C351469902,0.0,0.0,C1461893191,6942981.05,7482226.76,0,0,16,11,0.0,539245.71,539245.71,1,1,0
373,TRANSFER,244979.08,C869304173,0.0,0.0,C684471742,3520190.71,3765169.79,0,0,13,16,0.0,244979.08000000007,244979.08,0,1,0
275,CASH_IN,22679.01,C1356232644,20533.0,43212.01,C1217224540,565935.92,543256.9,0,0,11,12,-22679.01,-22679.02,1.1044613811239894,0,0,0
329,CASH_IN,133364.02,C1096952586,8233002.71,8366366.73,C537489435,1346704.26,1213340.25,0,0,17,14,-133364.02,-133364.01,0.0161987076281786,0,0,0
380,PAYMENT,3619.74,C931171461,29532.0,25912.26,M519600701,0.0,0.0,0,0,20,16,3619.7400000000016,0.0,0.1225659431822029,0,0,1
396,CASH_OUT,136198.58,C1793241692,0.0,0.0,C781697815,2878073.98,3014272.56,0,0,12,17,0.0,136198.58000000007,136198.58,0,1,0
13,PAYMENT,31146.46,C863848524,26054.0,0.0,M829510152,0.0,0.0,0,0,13,1,26054.0,0.0,1.1954120130493189,0,0,1
158,CASH_OUT,223627.49,C1361855985,0.0,0.0,C1786744957,468166.62,691794.11,0,0,14,7,0.0,223627.49,223627.49,0,1,0
354,PAYMENT,4600.5,C1462378150,0.0,0.0,M1431300486,0.0,0.0,0,0,18,15,0.0,0.0,4600.5,0,1,1
354,CASH_OUT,60465.6,C119423003,0.0,0.0,C2083270556,9940595.8,10001061.4,0,0,18,15,0.0,60465.59999999963,60465.6,0,1,0
44,CASH_OUT,43528.52,C2143356152,8073.0,0.0,C739125705,955126.75,998655.27,0,0,20,2,8073.0,43528.52000000002,5.391196432994798,0,0,0
210,CASH_IN,76864.15,C166171076,1026731.48,1103595.63,C143559014,212002.41,135138.26,0,0,18,9,-76864.1499999999,-76864.15,0.0748628795691746,0,0,0
352,TRANSFER,1357103.38,C1832899989,0.0,0.0,C178902510,1653105.13,3010208.5,0,0,16,15,0.0,1357103.37,1357103.38,1,1,0
401,CASH_IN,128381.31,C457616493,3365080.17,3493461.48,C12395242,154913.57,26532.27,0,0,17,17,-128381.31,-128381.3,0.0381510292068229,0,0,0
12,PAYMENT,10682.69,C1268210305,660348.83,649666.14,M84794712,0.0,0.0,0,0,12,1,10682.689999999944,0.0,0.016177319224872,0,0,1
13,CASH_OUT,44511.96,C1079047740,185363.24,140851.28,C1902027015,2787792.12,2832304.08,0,0,13,1,44511.95999999999,44511.95999999996,0.2401324009420587,0,0,0
400,CASH_OUT,244324.91,C535927600,9185.0,0.0,C1308265189,0.0,244324.91,0,0,16,17,9185.0,244324.91,26.59752993686044,0,0,1
347,TRANSFER,2528507.06,C1368779907,29753.0,0.0,C2011026815,0.0,2528507.06,0,0,11,15,29753.0,2528507.06,84.98040801236809,1,0,1
254,CASH_OUT,342222.65,C898470382,0.0,0.0,C1993951440,487637.25,829859.89,0,0,14,11,0.0,342222.64,342222.65,0,1,0
38,PAYMENT,3850.55,C839489432,99013.0,95162.45,M1732489143,0.0,0.0,0,0,14,2,3850.550000000003,0.0,0.038888944997677,0,0,1
353,CASH_OUT,340491.1,C1327068137,540.0,0.0,C1446019961,3771901.79,4112392.89,0,0,17,15,540.0,340491.1000000001,629.3735674676525,0,0,0
276,CASH_OUT,28107.44,C35608836,0.0,0.0,C1510372272,451181.44,479288.88,0,0,12,12,0.0,28107.44,28107.44,0,1,0
308,PAYMENT,6329.6,C568857112,43336.54,37006.93,M155152553,0.0,0.0,0,0,20,13,6329.610000000001,0.0,0.14605351388196,0,0,1
251,CASH_OUT,386980.97,C1266123760,25754.0,0.0,C1984025611,2463816.12,2850797.09,0,0,11,11,25754.0,386980.9699999997,15.025469617549987,0,0,0
204,CASH_IN,235225.74,C1905690870,20510781.37,20746007.11,C834937450,909696.72,674470.98,0,0,12,9,-235225.739999998,-235225.74,0.0114683943184952,0,0,0
252,CASH_OUT,180614.15,C809161377,110786.68,0.0,C1304185995,228283.77,408897.92,0,0,12,11,110786.68,180614.15,1.6302728787172005,0,0,0
20,PAYMENT,11078.8,C34991324,20001.0,8922.2,M2018721129,0.0,0.0,0,0,20,1,11078.8,0.0,0.553884611538846,0,0,1
405,PAYMENT,6445.41,C44792851,3538.0,0.0,M1853602561,0.0,0.0,0,0,21,17,3538.0,0.0,1.8212517660356031,0,0,1
133,CASH_IN,25532.15,C1072798429,4800.0,30332.15,C2068271890,69263.09,43730.95,0,0,13,6,-25532.15,-25532.14,5.318089981253905,0,0,0
20,PAYMENT,4145.03,C1390164622,29261.0,25115.97,M308390849,0.0,0.0,0,0,20,1,4145.029999999999,0.0,0.1416523135807532,0,0,1
252,TRANSFER,380120.8,C1906278992,30855.0,0.0,C485008608,0.0,380120.8,0,0,12,11,30855.0,380120.8,12.319185895773916,0,0,1
331,CASH_OUT,104415.92,C1886793045,0.0,0.0,C1302766877,395492.64,499908.55,0,0,19,14,0.0,104415.90999999996,104415.92,0,1,0
354,CASH_IN,106773.42,C1546621511,3660395.63,3767169.05,C513625683,262412.58,155639.16,0,0,18,15,-106773.419999999,-106773.42,0.0291699044646973,0,0,0
43,CASH_OUT,180262.44,C327832126,294421.07,114158.63,C724595147,3219833.09,3126990.96,0,0,19,2,180262.44,-92842.1299999998,0.6122585850985968,0,0,0
642,PAYMENT,8772.1,C84856987,8693.54,0.0,M2137509791,0.0,0.0,0,0,18,27,8693.54,0.0,1.0089205409371858,0,0,1
356,CASH_IN,162544.43,C1361900231,107815.0,270359.43,C1169856984,1402697.2,1240152.77,0,0,20,15,-162544.43,-162544.429999999,1.5076095384729538,0,0,0
9,PAYMENT,20753.37,C918604549,84380.36,63626.98,M1936068861,0.0,0.0,0,0,9,1,20753.38,0.0,0.2459473277036539,0,0,1
323,CASH_OUT,79210.26,C1081343554,98778.89,19568.63,C1883201664,2937611.51,3016821.76,0,0,11,14,79210.26,79210.25,0.8018864973427283,0,0,0
590,PAYMENT,7612.82,C342951758,0.0,0.0,M1897306299,0.0,0.0,0,0,14,25,0.0,0.0,7612.82,0,1,1
142,PAYMENT,2317.47,C559231568,22039.0,19721.53,M1734990593,0.0,0.0,0,0,22,6,2317.470000000001,0.0,0.1051483666061705,0,0,1
41,TRANSFER,668368.1,C751362595,0.0,0.0,C1170436567,897823.45,1566191.55,0,0,17,2,0.0,668368.1000000001,668368.1,1,1,0
279,PAYMENT,29425.82,C351062372,46109.81,16683.99,M1094414039,0.0,0.0,0,0,15,12,29425.82,0.0,0.6381544804786556,0,0,1
139,CASH_IN,187704.3,C867339484,4437235.31,4624939.61,C1410772005,1462121.98,1274417.68,0,0,19,6,-187704.3,-187704.3,0.042302074283711,0,0,0
276,CASH_OUT,65848.34,C1812602223,20100.0,0.0,C126598155,0.0,65848.34,0,0,12,12,20100.0,65848.34,3.275873837122531,0,0,1
133,PAYMENT,2024.76,C1149105343,0.0,0.0,M1704930220,0.0,0.0,0,0,13,6,0.0,0.0,2024.76,0,1,1
212,PAYMENT,9233.42,C1854121604,1005.0,0.0,M192306982,0.0,0.0,0,0,20,9,1005.0,0.0,9.17834990059642,0,0,1
167,PAYMENT,587.11,C1845197704,239604.0,239016.89,M619009675,0.0,0.0,0,0,23,7,587.109999999986,0.0,0.0024503244923937,0,0,1
403,TRANSFER,1317216.77,C176017393,106508.0,0.0,C2013120973,269685.26,1586902.02,0,0,19,17,106508.0,1317216.76,12.367187467725731,1,0,0
157,PAYMENT,37861.58,C63683553,0.0,0.0,M1468145391,0.0,0.0,0,0,13,7,0.0,0.0,37861.58,0,1,1
41,PAYMENT,749.62,C722647961,909.0,159.38,M1048818259,0.0,0.0,0,0,17,2,749.62,0.0,0.8237582417582417,0,0,1
181,TRANSFER,1025631.9,C570752210,10938.0,0.0,C993739154,14562.01,1040193.91,0,0,13,8,10938.0,1025631.9,93.7592010238596,1,0,0
162,CASH_OUT,120029.27,C79179905,0.0,0.0,C214701172,368573.19,488602.46,0,0,18,7,0.0,120029.27000000002,120029.27,0,1,0
301,CASH_OUT,117748.51,C1018707645,0.0,0.0,C386341885,125278.7,243027.21,0,0,13,13,0.0,117748.51,117748.51,0,1,0
15,TRANSFER,209717.3,C1886004025,352615.47,142898.18,C34335418,0.0,209717.3,0,0,15,1,209717.29,209717.3,0.5947461841473258,0,0,1
375,PAYMENT,10524.77,C2087048330,0.0,0.0,M691665307,0.0,0.0,0,0,15,16,0.0,0.0,10524.77,0,1,1
395,CASH_OUT,121240.05,C1022721570,21557.0,0.0,C1889776013,282278.89,284155.64,0,0,11,17,21557.0,1876.75,5.623900640133593,0,0,0
139,CASH_OUT,49184.67,C1132940034,102647.81,53463.14,C2093880396,142356.43,191541.1,0,0,19,6,49184.67,49184.67000000001,0.4791547997487745,0,0,0
229,PAYMENT,24014.77,C1193588316,0.0,0.0,M2043907741,0.0,0.0,0,0,13,10,0.0,0.0,24014.77,0,1,1
162,PAYMENT,4965.71,C1383722162,0.0,0.0,M1418655686,0.0,0.0,0,0,18,7,0.0,0.0,4965.71,0,1,1
156,CASH_IN,139506.87,C958990471,3949425.46,4088932.33,C1336011543,270318.2,130811.33,0,0,12,7,-139506.87,-139506.87,0.0353233238833367,0,0,0
188,CASH_OUT,156203.47,C193097229,10528.0,0.0,C343742446,181412.45,337615.92,0,0,20,8,10528.0,156203.46999999997,14.835546585620667,0,0,0
277,CASH_IN,33747.35,C175507353,6655467.85,6689215.19,C719516363,178908.73,145161.38,0,0,13,12,-33747.3400000007,-33747.35,0.0050706194800986,0,0,0
285,PAYMENT,59352.24,C2062334818,76723.77,17371.53,M659066908,0.0,0.0,0,0,21,12,59352.240000000005,0.0,0.7735733844493766,0,0,1
186,CASH_OUT,109339.48,C1989762519,0.0,0.0,C1548628714,350423.38,459762.86,0,0,18,8,0.0,109339.47999999998,109339.48,0,1,0
232,CASH_IN,763303.41,C219776359,11321.0,774624.41,C1823095283,10434.34,0.0,0,0,16,10,-763303.41,-10434.34,67.4177186009539,1,0,0
258,CASH_IN,270508.38,C1547620737,410.0,270918.38,C795478273,0.0,0.0,0,0,18,11,-270508.38,0.0,658.1712408759124,0,0,1
130,CASH_OUT,116348.89,C2038634780,0.0,0.0,C1201174207,2161054.47,2277403.36,0,0,10,6,0.0,116348.88999999966,116348.89,0,1,0
694,PAYMENT,6977.34,C187197287,85584.0,78606.66,M777838512,0.0,0.0,0,0,22,29,6977.3399999999965,0.0,0.0815252672781445,0,0,1
400,CASH_OUT,2044.96,C1794448119,26475.0,24430.04,C198660421,147053.75,149098.71,0,0,16,17,2044.9599999999991,2044.959999999992,0.0772382535126152,0,0,0
426,CASH_OUT,243544.21,C473921170,49787.0,0.0,C1935979044,181634.08,425178.29,0,0,18,18,49787.0,243544.21,4.891624688680003,0,0,0
208,PAYMENT,11206.79,C2121321787,136803.0,125596.21,M1782139622,0.0,0.0,0,0,16,9,11206.789999999994,0.0,0.0819185842519224,0,0,1
238,PAYMENT,1954.67,C2014783677,10129.0,8174.33,M112166799,0.0,0.0,0,0,22,10,1954.67,0.0,0.1929585389930898,0,0,1
10,PAYMENT,2852.94,C2099796282,307289.96,304437.02,M1065393288,0.0,0.0,0,0,10,1,2852.9400000000023,0.0,0.009284165079246,0,0,1
404,PAYMENT,6651.45,C1162046073,175043.77,168392.32,M386997922,0.0,0.0,0,0,20,17,6651.449999999983,0.0,0.0379985645957888,0,0,1
369,CASH_IN,84249.53,C1284770711,50165.0,134414.53,C277884896,11889.87,0.0,0,0,9,16,-84249.53,-11889.87,1.679414942391261,0,0,0
249,PAYMENT,13499.35,C1186039765,38974.0,25474.65,M37614681,0.0,0.0,0,0,9,11,13499.35,0.0,0.3463592046183451,0,0,1
284,PAYMENT,23268.47,C2093594401,458.0,0.0,M1729545740,0.0,0.0,0,0,20,12,458.0,0.0,50.69383442265796,0,0,1
297,CASH_OUT,169676.7,C762404021,27661.0,0.0,C283923651,2170926.72,2340603.42,0,0,9,13,27661.0,169676.69999999972,6.133927409442557,0,0,0
351,PAYMENT,28349.58,C1041036412,206054.0,177704.42,M1207075201,0.0,0.0,0,0,15,15,28349.579999999987,0.0,0.1375825871733275,0,0,1
20,CASH_OUT,38320.34,C1689038180,30781.0,0.0,C46790717,0.0,38320.34,0,0,20,1,30781.0,38320.34,1.2448944188161912,0,0,1
403,CASH_OUT,85784.29,C1814436569,51490.0,0.0,C1959878433,310777.74,460612.6,0,0,19,17,51490.0,149834.86,1.6660055155269853,0,0,0
162,CASH_OUT,377573.17,C1473629780,22475.0,0.0,C1915168024,0.0,623044.81,0,0,18,7,22475.0,623044.81,16.798948656344546,0,0,1
354,CASH_IN,272277.05,C294893472,2392773.19,2665050.24,C320449846,9237385.22,8965108.17,0,0,18,15,-272277.05,-272277.05,0.1137913686706893,0,0,0
514,CASH_OUT,267156.84,C1060454502,99372.0,0.0,C904247761,0.0,267156.84,0,0,10,22,99372.0,267156.84,2.6884248236442496,0,0,1
231,CASH_OUT,234845.63,C1086048816,50638.0,0.0,C1843878227,632565.38,867411.01,0,0,15,10,50638.0,234845.63,4.637643515867217,0,0,0
160,PAYMENT,15500.78,C1102710183,68414.81,52914.03,M1989238877,0.0,0.0,0,0,16,7,15500.78,0.0,0.226567221816127,0,0,1
236,CASH_OUT,171342.91,C1662006576,104146.0,0.0,C1090255038,0.0,171342.91,0,0,20,10,104146.0,171342.91,1.6452025502414855,0,0,1
330,CASH_IN,234999.11,C200680722,1375965.34,1610964.46,C2064970025,5495525.35,5447845.25,0,0,18,14,-234999.119999999,-47680.0999999996,0.1707884147805534,0,0,0
158,PAYMENT,19026.3,C1389578978,60174.0,41147.7,M892254369,0.0,0.0,0,0,14,7,19026.300000000003,0.0,0.3161828001661819,0,0,1
15,PAYMENT,9788.61,C856644157,201115.0,191326.39,M1513322564,0.0,0.0,0,0,15,1,9788.609999999986,0.0,0.0486714632351478,0,0,1
207,PAYMENT,61565.21,C189833832,0.0,0.0,M2111601837,0.0,0.0,0,0,15,9,0.0,0.0,61565.21,0,1,1
259,CASH_IN,87300.88,C1499452659,1411394.8,1498695.68,C2112291173,183457.71,96156.84,0,0,19,11,-87300.8799999998,-87300.87,0.0618542863738152,0,0,0
201,CASH_OUT,206866.36,C940988556,120642.0,0.0,C604144428,2861931.89,3068798.25,0,0,9,9,120642.0,206866.35999999987,1.7146984076987477,0,0,0
187,TRANSFER,1589849.21,C2034322260,107300.0,0.0,C2076703068,431846.21,2021695.42,0,0,19,8,107300.0,1589849.21,14.816723143307144,1,0,0
139,CASH_OUT,239789.64,C814150475,0.0,0.0,C335145600,6531943.58,6771733.22,0,0,19,6,0.0,239789.6399999997,239789.64,0,1,0
596,CASH_IN,338455.18,C2053002858,1026032.52,1364487.7,C55415329,410290.11,71834.94,0,0,20,25,-338455.179999999,-338455.17,0.329867566120062,0,0,0
12,CASH_IN,206258.35,C866803891,3267369.81,3473628.16,C332975274,499825.41,1283160.69,0,0,12,1,-206258.35,783335.28,0.0631267040057813,0,0,0
522,CASH_IN,267000.33,C4229305,5002.0,272002.33,C1809598847,385466.64,118466.3,0,0,18,22,-267000.33,-267000.34,53.36804517289627,0,0,0
351,CASH_OUT,128635.94,C1854901575,6495.0,0.0,C264554038,0.0,128635.94,0,0,15,15,6495.0,128635.94,19.80233066502463,0,0,1
162,CASH_OUT,69439.39,C695869635,0.0,0.0,C1557640816,273047.64,342487.03,0,0,18,7,0.0,69439.39000000001,69439.39,0,1,0
577,CASH_IN,132158.66,C566302999,4833309.29,4965467.96,C420268687,274474.63,142315.97,0,0,1,25,-132158.669999999,-132158.66,0.0273433013960293,0,0,0
355,CASH_IN,43874.16,C646836004,10071.0,53945.16,C1920663502,16295.87,0.0,0,0,19,15,-43874.16,-16295.87,4.356052422557585,0,0,0
380,PAYMENT,5228.51,C311864704,0.0,0.0,M1681273131,0.0,0.0,0,0,20,16,0.0,0.0,5228.51,0,1,1
34,CASH_IN,238212.67,C995281537,61344.0,299556.67,C701528565,451537.01,213324.34,0,0,10,2,-238212.669999999,-238212.67,3.8831635830141007,0,0,0
227,TRANSFER,450961.11,C229484371,0.0,0.0,C51187387,1506736.73,1957697.84,0,0,11,10,0.0,450961.1100000001,450961.11,0,1,0
284,CASH_OUT,80211.56,C307244626,194937.0,114725.44,C473559455,334157.93,414369.5,0,0,20,12,80211.56,80211.57,0.4114721603791975,0,0,0
202,CASH_IN,81077.22,C1367184215,778787.42,859864.64,C1720575632,256647.0,175569.78,0,0,10,9,-81077.2199999999,-81077.22,0.1041068638385763,0,0,0
132,CASH_OUT,40037.06,C1907122822,472723.71,432686.65,C775043389,1078384.92,1118421.98,0,0,12,6,40037.06,40037.060000000056,0.0846942399097352,0,0,0
331,PAYMENT,3201.88,C380546101,80497.24,77295.36,M1745886970,0.0,0.0,0,0,19,14,3201.8800000000047,0.0,0.039775776464181,0,0,1
332,PAYMENT,1602.22,C694302327,15059.0,13456.78,M780241227,0.0,0.0,0,0,20,14,1602.2199999999991,0.0,0.1063891102257636,0,0,1
135,PAYMENT,34176.33,C462614021,19257.0,0.0,M1893703559,0.0,0.0,0,0,15,6,19257.0,0.0,1.7746562467545957,0,0,1
530,CASH_OUT,62109.32,C1540986950,0.0,0.0,C588954833,373835.16,435944.48,0,0,2,23,0.0,62109.32000000001,62109.32,0,1,0
181,CASH_OUT,178208.94,C1111191049,5666.0,0.0,C321534629,0.0,178208.94,0,0,13,8,5666.0,178208.94,31.446786659608257,0,0,1
8,CASH_OUT,235452.18,C481255164,61291.0,0.0,C1001755781,0.0,274407.46,0,0,8,1,61291.0,274407.46,3.8414830646740192,0,0,1
393,CASH_IN,45505.09,C1924189927,129712.0,175217.09,C1933098289,35136.36,0.0,0,0,9,17,-45505.09,-35136.36,0.3508136424259711,0,0,0
322,CASH_IN,425023.89,C1153084093,104309.0,529332.89,C273913788,0.0,82575.15,0,0,10,14,-425023.89,82575.15,4.074622663215416,0,0,1
182,CASH_OUT,324553.05,C1571355296,124812.26,0.0,C515197135,5071082.15,5395635.2,0,0,14,8,124812.26,324553.0499999998,2.6003090537015057,0,0,0
15,CASH_IN,445286.24,C1229747307,6026102.8,6471389.04,C852031798,4811262.61,4365976.36,0,0,15,1,-445286.24,-445286.25,0.0738928924523338,0,0,0
683,CASH_IN,353230.05,C640551047,71770.0,425000.05,C70886966,0.0,0.0,0,0,11,29,-353230.05,0.0,4.9216264229284805,0,0,1
184,CASH_IN,467266.43,C1763782014,1245364.05,1712630.48,C817918991,7168160.25,6700893.82,0,0,16,8,-467266.429999999,-467266.429999999,0.375204386858295,0,0,0
183,CASH_IN,31285.7,C2077051377,2412152.79,2443438.49,C244753772,42712.06,11426.36,0,0,15,8,-31285.7000000001,-31285.6999999999,0.012970027089359,0,0,0
321,TRANSFER,2035577.84,C251499703,24637.0,0.0,C1176116265,5320764.31,7356342.16,0,0,9,14,24637.0,2035577.8500000008,82.61944313661823,1,0,0
254,CASH_OUT,147510.99,C1446914075,9956.0,0.0,C1912531607,345653.6,493164.59,0,0,14,11,9956.0,147510.99000000005,14.814802651401024,0,0,0
302,CASH_IN,97262.05,C546512221,212629.44,309891.49,C631764308,421437.82,324175.77,0,0,14,13,-97262.0499999999,-97262.0499999999,0.4574229823349846,0,0,0
567,PAYMENT,1691.72,C1899184963,0.0,0.0,M1384264242,0.0,0.0,0,0,15,24,0.0,0.0,1691.72,0,1,1
298,PAYMENT,36537.12,C727846669,0.0,0.0,M1363743304,0.0,0.0,0,0,10,13,0.0,0.0,36537.12,0,1,1
403,CASH_OUT,169190.91,C1932406139,36341.0,0.0,C2125443678,590648.6,759839.5,0,0,19,17,36341.0,169190.90000000002,4.655520059435364,0,0,0
157,PAYMENT,30951.99,C1874021479,0.0,0.0,M206162597,0.0,0.0,0,0,13,7,0.0,0.0,30951.99,0,1,1
235,CASH_IN,131728.14,C1990310993,10632513.87,10764242.01,C1551304314,640412.71,508684.57,0,0,19,10,-131728.14,-131728.139999999,0.0123891799457224,0,0,0
227,CASH_OUT,13982.21,C1350418810,0.0,0.0,C1542018554,865569.91,879552.12,0,0,11,10,0.0,13982.209999999965,13982.21,0,1,0
162,CASH_OUT,171537.15,C9465858,441638.0,270100.85,C425888420,0.0,171537.15,0,0,18,7,171537.15000000002,171537.15,0.3884103306093891,0,0,1
202,CASH_IN,164992.23,C1413145319,131083.0,296075.23,C351064782,3974375.47,3809383.24,0,0,10,9,-164992.229999999,-164992.229999999,1.2586755820695128,0,0,0
307,CASH_OUT,78676.4,C2003483967,0.0,0.0,C424353232,2787581.17,2866257.56,0,0,19,13,0.0,78676.39000000013,78676.4,0,1,0
226,PAYMENT,48330.61,C1402306293,322062.0,273731.39,M1292158205,0.0,0.0,0,0,10,10,48330.60999999999,0.0,0.1500657014310864,0,0,1
178,CASH_IN,601498.21,C1731971017,7279668.52,7881166.73,C1006221787,3159328.9,2557830.69,0,0,10,8,-601498.21,-601498.21,0.082627131403075,1,0,0
372,CASH_OUT,237771.62,C763570019,0.0,0.0,C1696943676,1893604.33,2131375.95,0,0,12,16,0.0,237771.6200000001,237771.62,0,1,0
187,CASH_OUT,45071.95,C596507381,839347.0,794275.05,C1948555729,0.0,45071.95,0,0,19,8,45071.94999999995,45071.95,0.0536987638023799,0,0,1
19,CASH_OUT,66343.95,C128687202,1890.0,0.0,C2132821511,551863.53,618207.47,0,0,19,1,1890.0,66343.93999999994,35.084056054997355,0,0,0
13,PAYMENT,4000.22,C331969080,0.0,0.0,M1471768385,0.0,0.0,0,0,13,1,0.0,0.0,4000.22,0,1,1
43,PAYMENT,12540.59,C517400555,154724.0,142183.41,M1244190839,0.0,0.0,0,0,19,2,12540.589999999997,0.0,0.0810508321215058,0,0,1
301,CASH_IN,95389.88,C1113003283,5036.0,100425.88,C1893971232,368914.78,273524.89,0,0,13,13,-95389.88,-95389.89,18.9378360135001,0,0,0
161,CASH_OUT,281625.52,C2093492208,0.0,0.0,C1367841524,1127956.54,1409582.06,0,0,17,7,0.0,281625.52,281625.52,0,1,0
381,PAYMENT,5674.37,C1859371808,195.0,0.0,M416176293,0.0,0.0,0,0,21,16,195.0,0.0,28.95086734693877,0,0,1
163,PAYMENT,406.22,C77596771,0.0,0.0,M929513685,0.0,0.0,0,0,19,7,0.0,0.0,406.22,0,1,1
400,PAYMENT,40226.67,C469533414,74125.0,33898.33,M1102946054,0.0,0.0,0,0,16,17,40226.67,0.0,0.5426796265817662,0,0,1
16,PAYMENT,25783.6,C639339921,0.0,0.0,M986195186,0.0,0.0,0,0,16,1,0.0,0.0,25783.6,0,1,1
43,CASH_OUT,18134.59,C241868922,10668.0,0.0,C1687660564,0.0,18134.59,0,0,19,2,10668.0,18134.59,1.6997459930640173,0,0,1
394,CASH_OUT,305588.81,C1085266497,0.0,0.0,C2072683933,6598151.16,6903739.97,0,0,10,17,0.0,305588.8099999996,305588.81,0,1,0
131,PAYMENT,32523.86,C199108052,179668.67,147144.81,M494738462,0.0,0.0,0,0,11,6,32523.86000000001,0.0,0.1810203135565396,0,0,1
571,CASH_IN,397028.52,C1615169810,8593843.36,8990871.89,C1202293037,595903.78,198875.25,0,0,19,24,-397028.530000001,-397028.53,0.0461991750569706,0,0,0
306,PAYMENT,9385.83,C1415830691,0.0,0.0,M827353580,0.0,0.0,0,0,18,13,0.0,0.0,9385.83,0,1,1
39,CASH_IN,104575.29,C1458309316,99981.0,204556.29,C271588719,4681051.83,4576476.54,0,0,15,2,-104575.29,-104575.29,1.045941169410494,0,0,0
131,PAYMENT,3185.36,C1117970006,16461.0,13275.64,M1284308270,0.0,0.0,0,0,11,6,3185.3600000000006,0.0,0.1934977523994654,0,0,1
384,PAYMENT,7977.76,C287762711,0.0,0.0,M439104915,0.0,0.0,0,0,0,17,0.0,0.0,7977.76,0,1,1
278,CASH_IN,1404.18,C1778489262,1010933.49,1012337.67,C1484596532,36892.96,35488.78,0,0,14,12,-1404.18000000005,-1404.18,0.0013889920799912,0,0,0
131,PAYMENT,17153.62,C800648378,166965.81,149812.19,M1080096125,0.0,0.0,0,0,11,6,17153.619999999995,0.0,0.1027367055763956,0,0,1
399,PAYMENT,18538.27,C1664764501,0.0,0.0,M665687028,0.0,0.0,0,0,15,17,0.0,0.0,18538.27,0,1,1
34,CASH_IN,175447.45,C812607122,9755601.07,9931048.53,C540157795,207419.76,31972.31,0,0,10,2,-175447.459999999,-175447.45,0.0179842770073134,0,0,0
36,TRANSFER,192999.2,C1937303894,0.0,0.0,C90310446,1018338.88,1369257.21,0,0,12,2,0.0,350918.33,192999.2,0,1,0
544,PAYMENT,11712.87,C1014635348,0.0,0.0,M1514895771,0.0,0.0,0,0,16,23,0.0,0.0,11712.87,0,1,1
642,TRANSFER,1009162.99,C2037655551,0.0,0.0,C991706259,1672105.18,2681268.17,0,0,18,27,0.0,1009162.99,1009162.99,1,1,0
184,PAYMENT,40741.35,C2046167925,5017.0,0.0,M925654101,0.0,0.0,0,0,16,8,5017.0,0.0,8.119041450777202,0,0,1
325,CASH_OUT,99072.37,C608982508,10002.0,0.0,C299196407,547.46,99619.83,0,0,13,14,10002.0,99072.37,9.904265720283917,0,0,0
156,PAYMENT,3796.77,C1392419600,212238.15,208441.39,M909234723,0.0,0.0,0,0,12,7,3796.75999999998,0.0,0.0178891123527398,0,0,1
227,PAYMENT,21223.87,C679962410,22901.0,1677.13,M1820985129,0.0,0.0,0,0,11,10,21223.87,0.0,0.9267256134835384,0,0,1
234,DEBIT,2819.7,C396457985,90732.0,87912.3,C2143298564,1113316.7,1116136.4,0,0,18,10,2819.699999999997,2819.699999999953,0.0310768959474502,0,0,0
157,CASH_IN,125481.57,C1639189452,1293079.21,1418560.78,C901524568,189377.23,63895.65,0,0,13,7,-125481.57,-125481.58,0.0970408247141915,0,0,0
154,PAYMENT,3072.94,C1758936454,40914.88,37841.94,M1877715820,0.0,0.0,0,0,10,7,3072.939999999995,0.0,0.0751038472104229,0,0,1
188,PAYMENT,3916.8,C1402542813,0.0,0.0,M1308424561,0.0,0.0,0,0,20,8,0.0,0.0,3916.8,0,1,1
